Ranking,Category,Description,ImageUrl,Price,AverageRating,RatingCount,Url,Asin
#1,Gesundheit & Körperpflege,"HappyPo Easy-Bidet (300ml, Dunkelblau)","https://images-eu.ssl-images-amazon.com/images/I/61mzT5vmy8L._AC_UL200_SR200,200_.jpg","19,95 ","4,5",6.711,https://www.amazon.de/HappyPo-Easy-Bidet-300ml-Dunkelblau/dp/B08G8MMSPV/ref=zg_bs_9418400031_1/257-8466628-1053461?_encoding=UTF8&psc=1&refRID=9PA85P2EM634CRMAVCGX,B08G8MMSPV
#2,Gesundheit & Körperpflege,MyHeritage DNA Test Kit — Gentest für die Familienforschung,"https://images-eu.ssl-images-amazon.com/images/I/51d19DwcSkL._AC_UL200_SR200,200_.jpg","79,00 ","4,4",4.202,https://www.amazon.de/MyHeritage-DNA-Test-Kit-Genetischer-Herkunfts-Ethnizit%C3%A4tstest/dp/B072SY5JHQ/ref=zg_bs_9418400031_2/257-8466628-1053461?_encoding=UTF8&psc=1&refRID=9PA85P2EM634CRMAVCGX,B072SY5JHQ
#3,Gesundheit & Körperpflege,Salus Kräuterblut Floradix mit Eisen – zur Verbeugung von Eisenmangel – mit Eisen(II)…,"https://images-eu.ssl-images-amazon.com/images/I/61UtXlRvVqL._AC_UL200_SR200,200_.jpg","6,95 ","4,7",846,https://www.amazon.de/Floradix-Eisen-Eisentabletten-Spezial-Tonikum-Eisenpr%C3%A4parat/dp/B00I0X0D92/ref=zg_bs_9418400031_3/257-8466628-1053461?_encoding=UTF8&psc=1&refRID=9PA85P2EM634CRMAVCGX,B00I0X0D92
#4,Gesundheit & Körperpflege,Bartöl (50ml) · BROOKLYN SOAP COMPANY · Bart Öl für die tägliche Bartpflege von 3-Tage-Bart…,"https://images-eu.ssl-images-amazon.com/images/I/91aG7n8xWFL._AC_UL200_SR200,200_.jpg","7,75 ","4,5",525,https://www.amazon.de/Nat%C3%BCrliche-Bartpflege-Naturkosmetik-Geschenkidee-Bartstyling/dp/B07BYG8BT8/ref=zg_bs_9418400031_4/257-8466628-1053461?_encoding=UTF8&psc=1&refRID=9PA85P2EM634CRMAVCGX,B07BYG8BT8
#5,Gesundheit & Körperpflege,Hals Hängematte|Nackenhängematte|Kopf Nackenmassagegerät für Nacken und…,"https://images-eu.ssl-images-amazon.com/images/I/71hlGoZZQ-L._AC_UL200_SR200,200_.jpg","23,99 ","3,8",1.048,https://www.amazon.de/H%C3%A4ngematte-Nackenh%C3%A4ngematte-Nackenmassageger%C3%A4t-Schulterschmerzen-Schmerzlinderung/dp/B07RYMB21L/ref=zg_bs_9418400031_5/257-8466628-1053461?_encoding=UTF8&psc=1&refRID=9PA85P2EM634CRMAVCGX,B07RYMB21L
#6,Gesundheit & Körperpflege,einhorn Kondome 7 Stück Wochenration Design Edition: BALI,"https://images-eu.ssl-images-amazon.com/images/I/71cYl7G57TL._AC_UL200_SR200,200_.jpg","7,46 ","4,6",1.072,https://www.amazon.de/einhorn-Kondome-Wochenration-Hormonfrei-Gepr%C3%BCft/dp/B014J0UGQE/ref=zg_bs_9418400031_6/257-8466628-1053461?_encoding=UTF8&psc=1&refRID=9PA85P2EM634CRMAVCGX,B014J0UGQE
#7,Gesundheit & Körperpflege,Kabelloser Massagestab von Yarosi - Stärkste Therapeutische Vibrationskraft - Magischer…,"https://images-eu.ssl-images-amazon.com/images/I/71pMNCBUSVL._AC_UL200_SR200,200_.jpg","45,95 ","4,5",3.008,https://www.amazon.de/Kabelloser-Massagestab-Yarosi-Vibrationskraft-Muskelschmerzen/dp/B01GXONRK6/ref=zg_bs_9418400031_7/257-8466628-1053461?_encoding=UTF8&psc=1&refRID=9PA85P2EM634CRMAVCGX,B01GXONRK6
#8,Gesundheit & Körperpflege,"Femometer Vinca Basalthermometer für Eisprung & Zykluskontrolle, Digital Bluetooth Leises BBT…","https://images-eu.ssl-images-amazon.com/images/I/61xQIdbEJEL._AC_UL200_SR200,200_.jpg","25,15 ","4,2",642,https://www.amazon.de/Basalthermometer-Zykluskontrolle-Fertilit%C3%A4tsmonitor-Zykluscomputer-Intelligentes/dp/B07JDJSMYY/ref=zg_bs_9418400031_8/257-8466628-1053461?_encoding=UTF8&psc=1&refRID=9PA85P2EM634CRMAVCGX,B07JDJSMYY
#9,Gesundheit & Körperpflege,"Bartshampoo, Bartseife, Beard Wash 200 ml Reinigung und Pflege für den Bart…","https://images-eu.ssl-images-amazon.com/images/I/81CfKb%2BF4ZL._AC_UL200_SR200,200_.jpg","5,80 ","4,6",540,https://www.amazon.de/Bartshampoo-Bartseife-Beard-Reinigung-Pflege/dp/B07BYFVFWF/ref=zg_bs_9418400031_9/257-8466628-1053461?_encoding=UTF8&psc=1&refRID=9PA85P2EM634CRMAVCGX,B07BYFVFWF
#10,Gesundheit & Körperpflege,Merula Cup apple (grün) - One size Menstruationstasse aus medizinischem Silikon,"https://images-eu.ssl-images-amazon.com/images/I/81aZoZUnesL._AC_UL200_SR200,200_.jpg","17,40 ","4,0",1.859,https://www.amazon.de/Merula-apple-gr%C3%BCn-Menstruationstasse-medizinischem/dp/B072Q2LYJ9/ref=zg_bs_9418400031_10/257-8466628-1053461?_encoding=UTF8&psc=1&refRID=9PA85P2EM634CRMAVCGX,B072Q2LYJ9
#11,Gesundheit & Körperpflege,"Haltungskorrektor für Männer und Frauen - Oberer Rückenstrecker mit verstellbarer, atmungsaktiver…","https://images-eu.ssl-images-amazon.com/images/I/71iGFlK3n7L._AC_UL200_SR200,200_.jpg","13,99 ","3,7",19.322,https://www.amazon.de/Haltungskorrektur-Schl%C3%BCsselbein-R%C3%BCckenausrichtung-Schmerzlinderung-FDA-genehmigt/dp/B07TVHB682/ref=zg_bs_9418400031_11/257-8466628-1053461?_encoding=UTF8&psc=1&refRID=9PA85P2EM634CRMAVCGX,B07TVHB682
#12,Gesundheit & Körperpflege,"einhorn Kondome Jahresvorrat - 49 Kondome - 7 Tüten - vegan, hormonfrei, feucht, 100% geprüft","https://images-eu.ssl-images-amazon.com/images/I/91CBSJuS%2B9L._AC_UL200_SR200,200_.jpg","38,95 ","4,8",560,https://www.amazon.de/Einhorn-Kondome-Jahresvorrat-Hormonfrei-Feucht/dp/B014J2C3A4/ref=zg_bs_9418400031_12/257-8466628-1053461?_encoding=UTF8&psc=1&refRID=9PA85P2EM634CRMAVCGX,B014J2C3A4
#13,Gesundheit & Körperpflege,einhorn Kondome - Geschenk Special - Super Dino - 63 Stück - vegan + 2 schlüpfrige Stempel und…,"https://images-eu.ssl-images-amazon.com/images/I/811VwMktngL._AC_UL200_SR200,200_.jpg","42,00 ","4,7",67,https://www.amazon.de/einhorn-Kondome-Geschenk-schl%C3%BCpfrige-Stickerbogen/dp/B01L04ME76/ref=zg_bs_9418400031_13/257-8466628-1053461?_encoding=UTF8&psc=1&refRID=9PA85P2EM634CRMAVCGX&smid=A21E3E6JZVCKRD,B01L04ME76
#14,Gesundheit & Körperpflege,ORGAINIC Bio Erdbeere Whey Protein - Bio Zertifiziert ohne Zusatzstoffe - Eiweißpulver aus…,"https://images-eu.ssl-images-amazon.com/images/I/41GMIXe85WL._AC_UL200_SR200,200_.jpg","35,90 ","4,3",760,https://www.amazon.de/ORGAINIC-Strawberry-Whey-Protein-Grasf%C3%BCtterung/dp/B0722V5NQ3/ref=zg_bs_9418400031_14/257-8466628-1053461?_encoding=UTF8&psc=1&refRID=9PA85P2EM634CRMAVCGX,B0722V5NQ3
#15,Gesundheit & Körperpflege,Ionocore® Tennisarm Bandage Ellenbogenbandage – Für Fitness zu Hause – Mit EVA…,"https://images-eu.ssl-images-amazon.com/images/I/91YZ4uB8ysL._AC_UL200_SR200,200_.jpg","9,99 ","4,1",2.978,https://www.amazon.de/ionocore-Ellenbogenbandage-verstellbar-EVA-Kompressionspolster-Einheitsgr%C3%B6%C3%9Fe/dp/B06XC9TW57/ref=zg_bs_9418400031_15/257-8466628-1053461?_encoding=UTF8&psc=1&refRID=9PA85P2EM634CRMAVCGX,B06XC9TW57
#16,Gesundheit & Körperpflege,Natürliche Männerpflege: Aftershave Spray - 100ML beruhigt die Haut und wirkt antibakteriell…,"https://images-eu.ssl-images-amazon.com/images/I/51Wqt9YnNgL._AC_UL200_SR200,200_.jpg","8,72 ","4,6",171,https://www.amazon.de/Nat%C3%BCrliche-M%C3%A4nnerpflege-Aftershave-antibakteriell-Geschenkidee/dp/B07CKW4Q7R/ref=zg_bs_9418400031_16/257-8466628-1053461?_encoding=UTF8&psc=1&refRID=9PA85P2EM634CRMAVCGX,B07CKW4Q7R
#17,Gesundheit & Körperpflege,Natürliche Bartpflege: Beard Wax Bartwachs (20 gr) Naturkosmetik der BROOKLYN SOAP COMPANY…,"https://images-eu.ssl-images-amazon.com/images/I/817pf4%2BUqSL._AC_UL200_SR200,200_.jpg","5,80 ","4,3",178,https://www.amazon.de/Nat%C3%BCrliche-Bartpflege-Naturkosmetik-Bartstyling-Geschenkidee/dp/B07BYCD7HY/ref=zg_bs_9418400031_17/257-8466628-1053461?_encoding=UTF8&psc=1&refRID=9PA85P2EM634CRMAVCGX,B07BYCD7HY
#18,Gesundheit & Körperpflege,Bartcreme & Gesichtscreme (75 ml) · 2-in-1 Bartpflege der BROOKLYN SOAP COMPANY ·…,"https://images-eu.ssl-images-amazon.com/images/I/91TSjoiYvuL._AC_UL200_SR200,200_.jpg","11,70 ","4,6",124,https://www.amazon.de/Gesichtscreme-Bartpflege-Alternative-3-Tage-Bart-Bartjucken/dp/B07JHKY5HM/ref=zg_bs_9418400031_18/257-8466628-1053461?_encoding=UTF8&psc=1&refRID=9PA85P2EM634CRMAVCGX,B07JHKY5HM
#19,Gesundheit & Körperpflege,"449g Süß Wax 24° Sugaring Zuckerpaste zur Haarentfernung mit Hand, kein Vlies nötig.…","https://images-eu.ssl-images-amazon.com/images/I/91EkC4cQvSL._AC_UL200_SR200,200_.jpg","12,99 ","3,5",782,https://www.amazon.de/Sugaring-Zuckerpaste-Haarentfernung-Optimal-Umgebungstemperaturen/dp/B00OUYHFBO/ref=zg_bs_9418400031_19/257-8466628-1053461?_encoding=UTF8&psc=1&refRID=9PA85P2EM634CRMAVCGX,B00OUYHFBO
#20,Gesundheit & Körperpflege,Collhyaleen® Gelenk Nahrungsergänzung mit Hyaluronsäure Vegan MSM Kollagen Hochdosiert…,"https://images-eu.ssl-images-amazon.com/images/I/61Tc6DTL27L._AC_UL200_SR200,200_.jpg","39,80 ","4,6",166,https://www.amazon.de/Collhyaleen-Plv-z-herst-einer-L%C3%B6sung-zum-Einnehmen/dp/B073ZQD2D7/ref=zg_bs_9418400031_20/257-8466628-1053461?_encoding=UTF8&psc=1&refRID=9PA85P2EM634CRMAVCGX,B073ZQD2D7
#21,Gesundheit & Körperpflege,"HAPPYPO Po-Dusche (Weiß), statt Feuchttüchern & Dusch-WC — reinigt sanft, gründlich, spart…","https://images-eu.ssl-images-amazon.com/images/I/71Ei6RlzGeL._AC_UL200_SR200,200_.jpg","19,99 ","4,4",1.014,https://www.amazon.de/HAPPYPO-Easy-Bidet-Po-Dusche-Wei%C3%9F-VOX-Gr%C3%BCnder-Show/dp/B0778TTS2N/ref=zg_bs_9418400031_21/257-8466628-1053461?_encoding=UTF8&psc=1&refRID=9PA85P2EM634CRMAVCGX,B0778TTS2N
#22,Gesundheit & Körperpflege,TOUCHBeauty AG-1458 Nasenhaarschneider Augenbrauentrimmer - Professionelles…,"https://images-eu.ssl-images-amazon.com/images/I/51hXpmAnMyL._AC_UL200_SR200,200_.jpg","15,98 ","3,9",592,https://www.amazon.de/TOUCHBeauty-AG-1458-Haarentfernung-Damenrasierer-Oberlippenbart/dp/B07CYQ8KFS/ref=zg_bs_9418400031_22/257-8466628-1053461?_encoding=UTF8&psc=1&refRID=9PA85P2EM634CRMAVCGX,B07CYQ8KFS
#23,Gesundheit & Körperpflege,Natürliches Öl für die Rasur: Shaving Oil Rasieröl (50 ml) Naturkosmetik der BROOKLYN SOAP…,"https://images-eu.ssl-images-amazon.com/images/I/91QaZs17w2L._AC_UL200_SR200,200_.jpg","6,77 ","4,2",195,https://www.amazon.de/Nat%C3%BCrliches-f%C3%BCr-die-Rasur-Naturkosmetik/dp/B07C6C2Q8K/ref=zg_bs_9418400031_23/257-8466628-1053461?_encoding=UTF8&psc=1&refRID=9PA85P2EM634CRMAVCGX,B07C6C2Q8K
#24,Gesundheit & Körperpflege,Dr. Severin® Women Original After Shave Balsam I Gegen Rasierpickel & Rötungen I Rasur Epilation…,"https://images-eu.ssl-images-amazon.com/images/I/81rDeT7va8L._AC_UL200_SR200,200_.jpg","33,10 ","4,1",1.083,https://www.amazon.de/Dr-Severin-Original-Balsam-Pumpspender/dp/B01KFREM9C/ref=zg_bs_9418400031_24/257-8466628-1053461?_encoding=UTF8&psc=1&refRID=9PA85P2EM634CRMAVCGX,B01KFREM9C
#25,Gesundheit & Körperpflege,"LifeArt Blaue Licht Blockieren Brille, Anti-Augen-Müdigkeit, Computer Lesebrillen, TV Brille für…","https://images-eu.ssl-images-amazon.com/images/I/71gnYcUWIdL._AC_UL200_SR200,200_.jpg","20,47 ","4,3",2.947,https://www.amazon.de/Blaufilterbrille-Bildschirmbrille-fortgeschrittene-Computerbrille-Bernsteinglas/dp/B01NCS1FTT/ref=zg_bs_9418400031_25/257-8466628-1053461?_encoding=UTF8&psc=1&refRID=9PA85P2EM634CRMAVCGX,B01NCS1FTT
#26,Gesundheit & Körperpflege,"400g Süß Wax Brazilian Wax zur Enthaarung mit Vlies 100% Natürlich. Warmwachs aus Zucker,…","https://images-eu.ssl-images-amazon.com/images/I/91Eu98PS4YL._AC_UL200_SR200,200_.jpg","13,99 ","4,3",78,https://www.amazon.de/Enthaarung-Nat%C3%BCrlich-Brazilianische-Zuckerpaste-Vliesstreifen/dp/B00KDLJBXI/ref=zg_bs_9418400031_26/257-8466628-1053461?_encoding=UTF8&psc=1&refRID=9PA85P2EM634CRMAVCGX,B00KDLJBXI
#27,Gesundheit & Körperpflege,BROOKYLN SOAP COMPANY® · After Shave Balsam (75ml) · Natürliche Männerpflege nach…,"https://images-eu.ssl-images-amazon.com/images/I/91iJO4VPlgL._AC_UL200_SR200,200_.jpg","5,72 ","4,4",57,https://www.amazon.de/Nat%C3%BCrliche-M%C3%A4nnerpflege-antibakteriell-Naturkosmetik-Geschenkidee/dp/B07CK4ZS3Z/ref=zg_bs_9418400031_27/257-8466628-1053461?_encoding=UTF8&psc=1&refRID=9PA85P2EM634CRMAVCGX,B07CK4ZS3Z
#28,Gesundheit & Körperpflege,Merula Cup XL fox (orange) – Die Menstruationstasse für die sehr starken Tage,"https://images-eu.ssl-images-amazon.com/images/I/81sTn-E19hL._AC_UL200_SR200,200_.jpg","28,17 ","4,4",785,https://www.amazon.de/Merula-Cup-fox-orange-Menstruationstasse/dp/B07HCKDHY3/ref=zg_bs_9418400031_28/257-8466628-1053461?_encoding=UTF8&psc=1&refRID=9PA85P2EM634CRMAVCGX,B07HCKDHY3
#29,Gesundheit & Körperpflege,"Kollagen und Hyaloronsäure Booster - VEGAN Vitamin Komplex hochdosiert: Vitamin E,C,B D,…","https://images-eu.ssl-images-amazon.com/images/I/81s%2Bt6oRDBL._AC_UL200_SR200,200_.jpg","49,85 ","4,3",242,https://www.amazon.de/Kollagen-Hyalorons%C3%A4ure-Booster-hochdosiert-Glutenfrei/dp/B07PDGT29G/ref=zg_bs_9418400031_29/257-8466628-1053461?_encoding=UTF8&psc=1&refRID=9PA85P2EM634CRMAVCGX,B07PDGT29G
#30,Gesundheit & Körperpflege,"100% Reines Lavendelöl von Lavodia - 100ml natürliches, ätherisches Lavendel Öl (Lavandula…","https://images-eu.ssl-images-amazon.com/images/I/71FgvlW-7-L._AC_UL200_SR200,200_.jpg","16,95 ","4,3",111,https://www.amazon.de/100-Reines-Lavendel%C3%B6l-von-Lavodia/dp/B075D92HSZ/ref=zg_bs_9418400031_30/257-8466628-1053461?_encoding=UTF8&psc=1&refRID=9PA85P2EM634CRMAVCGX,B075D92HSZ
#31,Gesundheit & Körperpflege,"Haltungskorrektor für Männer und Frauen, Oberer Rückenbügel zur Unterstützung des…","https://images-eu.ssl-images-amazon.com/images/I/711njCvkRWL._AC_UL200_SR200,200_.jpg","17,99 ","3,5",3.578,https://www.amazon.de/Haltungskorrektur-Schl%C3%BCsselbein-verstellbarer-R%C3%BCckengl%C3%A4tter-Schmerzlinderung/dp/B07X1KXBD4/ref=zg_bs_9418400031_31/257-8466628-1053461?_encoding=UTF8&psc=1&refRID=9PA85P2EM634CRMAVCGX,B07X1KXBD4
#32,Gesundheit & Körperpflege,"Einhorn Kondome - Wochenration, Vegan, Hormonfrei, Feucht, Geprüft, Farblich sotiert, 7…","https://images-eu.ssl-images-amazon.com/images/I/91sBjZzSWML._AC_UL200_SR200,200_.jpg","9,04 ","4,3",75,https://www.amazon.de/einhorn-Kondome-Wochenration-BILDERR%C3%84TSEL-Hormonfrei/dp/B014J0T69M/ref=zg_bs_9418400031_32/257-8466628-1053461?_encoding=UTF8&psc=1&refRID=9PA85P2EM634CRMAVCGX,B014J0T69M
#33,Gesundheit & Körperpflege,Uni-Boxx (13 Teile) Geschenk für Studenten zur Lernmotivation in Studium & Prüfungszeit –…,"https://images-eu.ssl-images-amazon.com/images/I/91linEJzZ7L._AC_UL200_SR200,200_.jpg","19,90 ","4,2",71,https://www.amazon.de/Uni-Boxx-Geschenk-Studenten-Lernmotivation-Pr%C3%BCfungszeit/dp/B01N1QX8UB/ref=zg_bs_9418400031_33/257-8466628-1053461?_encoding=UTF8&psc=1&refRID=9PA85P2EM634CRMAVCGX,B01N1QX8UB
#34,Gesundheit & Körperpflege,Omega 3 Kapseln 2000mg - Fischöl 660 EPA 440 DHA pro Portion - 180 Weiche Gele - Hochdosiert…,"https://images-eu.ssl-images-amazon.com/images/I/81WEEcDOQML._AC_UL200_SR200,200_.jpg","17,89 ","4,3",636,https://www.amazon.de/NutriZing-hochdosiert-Portion-180-supplement-Nahrungserg%C3%A4nzungsmittel/dp/B01LXOQ54Z/ref=zg_bs_9418400031_34/257-8466628-1053461?_encoding=UTF8&psc=1&refRID=9PA85P2EM634CRMAVCGX,B01LXOQ54Z
#35,Gesundheit & Körperpflege,"Basalthermometer zur Zykluskontrolle mit App (iOS & Android) von Ovy | Kinderwunsch, Baby…","https://images-eu.ssl-images-amazon.com/images/I/71SgUhtWp-L._AC_UL200_SR200,200_.jpg","19,90 ","3,9",513,https://www.amazon.de/Basalthermometer-Zykluskontrolle-Ovy-Kinderwunsch-Fieberthermometer/dp/B072FP9B19/ref=zg_bs_9418400031_35/257-8466628-1053461?_encoding=UTF8&psc=1&refRID=9PA85P2EM634CRMAVCGX,B072FP9B19
#36,Gesundheit & Körperpflege,"ThinOptics-Lesebrillen als Schlüsselanhänger. Transparenter Rahmen, Stärke 1,00","https://images-eu.ssl-images-amazon.com/images/I/61GUb-cg0nL._AC_UL200_SR200,200_.jpg","22,49 ","4,4",3.730,https://www.amazon.de/ThinOptics-Lesebrillen-Schl%C3%BCsselanh%C3%A4nger-Transparenter-Rahmen-St%C3%A4rke/dp/B01MUG5X66/ref=zg_bs_9418400031_36/257-8466628-1053461?_encoding=UTF8&psc=1&refRID=9PA85P2EM634CRMAVCGX,B01MUG5X66
#37,Gesundheit & Körperpflege,Your Superfoods Super Green Superfood - Bio Vegan Mix Trinkpulver zur Unterstützung des…,"https://images-eu.ssl-images-amazon.com/images/I/813qLA6tOYL._AC_UL200_SR200,200_.jpg","29,90 ","4,1",92,https://www.amazon.de/Your-Superfoods-Super-Green-Superfood/dp/B01619P93G/ref=zg_bs_9418400031_37/257-8466628-1053461?_encoding=UTF8&psc=1&refRID=9PA85P2EM634CRMAVCGX,B01619P93G
#38,Gesundheit & Körperpflege,"Scitec Nutrition L-Glutamine, 600g, 25160","https://images-eu.ssl-images-amazon.com/images/I/81dXfQl1GiL._AC_UL200_SR200,200_.jpg","19,29 ","4,6",152,https://www.amazon.de/Scitec-Nutrition-L-Glutamine-600-25160/dp/B004EPYCSS/ref=zg_bs_9418400031_38/257-8466628-1053461?_encoding=UTF8&psc=1&refRID=9PA85P2EM634CRMAVCGX,B004EPYCSS
#39,Gesundheit & Körperpflege,boep Wind-und Wetterbalsam – Vegane Naturkosmetik für Babys und Kinder –…,"https://images-eu.ssl-images-amazon.com/images/I/41qhbIHJafL._AC_UL200_SR200,200_.jpg","10,95 ","4,7",54,https://www.amazon.de/boep-babybalsam-Bio-Oliven%C3%B6l-Naturkosmetik-K%C3%A4lteschutzcreme/dp/B078S5PD9L/ref=zg_bs_9418400031_39/257-8466628-1053461?_encoding=UTF8&psc=1&refRID=9PA85P2EM634CRMAVCGX,B078S5PD9L
#40,Gesundheit & Körperpflege,The Cheeky Panda Luxus Bambus Toilettenpapier 4 Papierrollen,"https://images-eu.ssl-images-amazon.com/images/I/81QQGCUSx6L._AC_UL200_SR200,200_.jpg","6,97 ","4,5",3.200,https://www.amazon.de/Cheeky-Panda-Toilettenpapier-100-Prozent-hautfreundlich/dp/B01KY14RJY/ref=zg_bs_9418400031_40/257-8466628-1053461?_encoding=UTF8&psc=1&refRID=9PA85P2EM634CRMAVCGX,B01KY14RJY
#41,Gesundheit & Körperpflege,"Ovy® SKIN & HAIR Kapseln für gesunde Haut, Haare und Nägel | Bei hormoneller Umstellung…","https://images-eu.ssl-images-amazon.com/images/I/71MHSFy3RjL._AC_UL200_SR200,200_.jpg","14,90 ","3,9",63,https://www.amazon.de/Kapseln-Ovy-Mineralien-Vitamine-Fols%C3%A4ure/dp/B07FXTSDQ4/ref=zg_bs_9418400031_41/257-8466628-1053461?_encoding=UTF8&psc=1&refRID=9PA85P2EM634CRMAVCGX,B07FXTSDQ4
#42,Gesundheit & Körperpflege,TellmeGen DNA Test Herkunft (Ancestry) + Gesundheit | +390 Online-Berichte: Der…,"https://images-eu.ssl-images-amazon.com/images/I/61xLUGI4UPL._AC_UL200_SR200,200_.jpg","129,00 ","4,2",1.322,https://www.amazon.de/tellmeGen-Genetische-Auswertung-Kit/dp/B01A0W1D9E/ref=zg_bs_9418400031_42/257-8466628-1053461?_encoding=UTF8&psc=1&refRID=9PA85P2EM634CRMAVCGX,B01A0W1D9E
#43,Gesundheit & Körperpflege,Georganics Natürlich Bio Kokosölzahnpasta- Englischer Pfefferminz 120 ml/Remineralizing Natural Organic Coconut Oil Toothpaste - English…,"https://images-eu.ssl-images-amazon.com/images/I/712c-01q9mL._AC_UL200_SR200,200_.jpg",_,"4,2",400,https://www.amazon.de/Georganics-Kokos%C3%B6lzahnpasta-Englischer-Pfefferminz-Remineralizing/dp/B019CWUAD8/ref=zg_bs_9418400031_43/257-8466628-1053461?_encoding=UTF8&psc=1&refRID=9PA85P2EM634CRMAVCGX,B019CWUAD8
#44,Gesundheit & Körperpflege,Aufbissschiene Zahnschutz beim nächtlichen Zähneknirschen Knirscherschiene Zahnschiene…,"https://images-eu.ssl-images-amazon.com/images/I/61nzoPYGRnL._AC_UL200_SR200,200_.jpg","14,91 ","3,5",232,https://www.amazon.de/Bei%C3%9Fschiene-Zahnschiene-Sportmundschutz-Praktischer-Aufbewahrungsbox/dp/B079YK49X7/ref=zg_bs_9418400031_44/257-8466628-1053461?_encoding=UTF8&psc=1&refRID=9PA85P2EM634CRMAVCGX,B079YK49X7
#45,Gesundheit & Körperpflege,"500 Süß Wax Vliesstreifen für Haarentfernung, Wachspatronen, Epilation, Sugaring und Waxing","https://images-eu.ssl-images-amazon.com/images/I/81WCo7Ul8YL._AC_UL200_SR200,200_.jpg","15,99 ","4,4",74,https://www.amazon.de/Vliesstreifen-Haarentfernung-Wachspatronen-Epilation-Sugaring/dp/B00HSSHJAG/ref=zg_bs_9418400031_45/257-8466628-1053461?_encoding=UTF8&psc=1&refRID=9PA85P2EM634CRMAVCGX,B00HSSHJAG
#46,Gesundheit & Körperpflege,boep Babymandelöl - Naturkosmetik Babyöl für die Neugeborenenpflege und Massage - Liebevoll…,"https://images-eu.ssl-images-amazon.com/images/I/41RJFom43SL._AC_UL200_SR200,200_.jpg","16,95 ","4,7",45,https://www.amazon.de/boep-babymandel%C3%B6l-Neugeborenenpflege-Naturkosmetik-entwickelt/dp/B078S7TLRV/ref=zg_bs_9418400031_46/257-8466628-1053461?_encoding=UTF8&psc=1&refRID=9PA85P2EM634CRMAVCGX,B078S7TLRV
#47,Gesundheit & Körperpflege,Dr. Severin® Men Original Body Aftershave Balsam I gegen Rasierpickel I befreit von Irritationen I…,"https://images-eu.ssl-images-amazon.com/images/I/31aCL1HaJfL._AC_UL200_SR200,200_.jpg","33,10 ","4,4",310,https://www.amazon.de/Dr-Severin%C2%AE-Original-Balsam-Pumpspender/dp/B01KFRAN8Q/ref=zg_bs_9418400031_47/257-8466628-1053461?_encoding=UTF8&psc=1&refRID=9PA85P2EM634CRMAVCGX,B01KFRAN8Q
#48,Gesundheit & Körperpflege,"Your Superfoods Energy Bomb Superfood - Bio Vegan Pulver-Mischung aus Guarana, Acai,…","https://images-eu.ssl-images-amazon.com/images/I/81vrrUi1y6L._AC_UL200_SR200,200_.jpg","26,90 ","4,0",93,https://www.amazon.de/Your-Superfoods-Energy-Superfood-Kaffeealternative/dp/B01MSK9ZV7/ref=zg_bs_9418400031_48/257-8466628-1053461?_encoding=UTF8&psc=1&refRID=9PA85P2EM634CRMAVCGX,B01MSK9ZV7
#49,Gesundheit & Körperpflege,boep 2 in 1 Babyshampoo - ÖKOTEST SEHR GUT - Naturkosmetik Waschgel für Babys und Kinder…,"https://images-eu.ssl-images-amazon.com/images/I/516zO9eZ8JL._AC_UL200_SR200,200_.jpg","8,95 ","4,5",43,https://www.amazon.de/boep-babyshampoo-Naturkosmetik-liebevoll-entwickelt/dp/B078S7RSMH/ref=zg_bs_9418400031_49/257-8466628-1053461?_encoding=UTF8&psc=1&refRID=9PA85P2EM634CRMAVCGX,B078S7RSMH
#50,Gesundheit & Körperpflege,"449g Süß Wax 21° Sugaring Zuckerpaste zur Haarentfernung mit Hand, kein Vlies nötig.…","https://images-eu.ssl-images-amazon.com/images/I/81p5t9sKnkL._AC_UL200_SR200,200_.jpg","7,99 ","3,8",229,https://www.amazon.de/Sugaring-Zuckerpaste-Haarentfernung-Optimal-Umgebungstemperaturen/dp/B00OUYD8JC/ref=zg_bs_9418400031_50/257-8466628-1053461?_encoding=UTF8&psc=1&refRID=9PA85P2EM634CRMAVCGX,B00OUYD8JC
#51,Gesundheit & Körperpflege,"boep Schaumbad - Naturkosmetik Badeschaum für Babys, Kinder & Erwachsene - Mit Bio…","https://images-eu.ssl-images-amazon.com/images/I/41A1mKTplEL._AC_UL200_SR200,200_.jpg","14,95 €","4,3 von 5 Sternen",35,https://www.amazon.de/boep-schaumbad-Naturkosmetik-Badezusatz-Erwachsene/dp/B078S6273X/ref=zg_bs_9418400031_51?_encoding=UTF8&psc=1&refRID=NYFEV72FHRTC2KAMY9KZ,B078S6273X
#52,Gesundheit & Körperpflege,FAIR SQUARED Original Kondome | geruchs- & geschmacksneutral | vegan | 3 Stück,"https://images-eu.ssl-images-amazon.com/images/I/51FGVT0ppXL._AC_UL200_SR200,200_.jpg","3,49 €","4,2 von 5 Sternen",107,https://www.amazon.de/SQUARED-Original-Kondome-geruchs-geschmacksneutral/dp/B06XH3QC9F/ref=zg_bs_9418400031_52?_encoding=UTF8&psc=1&refRID=NYFEV72FHRTC2KAMY9KZ,B06XH3QC9F
#53,Gesundheit & Körperpflege,boep Babywundcreme - Wundschutzcreme für Babys und Kinder bei gereizter Haut im…,"https://images-eu.ssl-images-amazon.com/images/I/41pORR23zLL._AC_UL200_SR200,200_.jpg","10,95 €","4,5 von 5 Sternen",33,https://www.amazon.de/boep-babywundcreme-Windelbereich-zertifizierte-Naturkosmetik/dp/B078S694KS/ref=zg_bs_9418400031_53?_encoding=UTF8&psc=1&refRID=NYFEV72FHRTC2KAMY9KZ,B078S694KS
#54,Gesundheit & Körperpflege,EMPO Schlafbrille Weich Memory-Schaumstoff Augenmaske - komfortabel verstellbare Gurte…,"https://images-eu.ssl-images-amazon.com/images/I/61s7PdHoVbL._AC_UL200_SR200,200_.jpg","9,60 €","4,2 von 5 Sternen",514,https://www.amazon.de/EMPO-Schlafbrille-Weich-Memory-Schaumstoff-Augenmaske/dp/B01DJ0J4BI/ref=zg_bs_9418400031_54?_encoding=UTF8&psc=1&refRID=NYFEV72FHRTC2KAMY9KZ,B01DJ0J4BI
#55,Gesundheit & Körperpflege,FEMMOAL PLUS Folsäure Schwangerschaft - Vitamine von Kinderwunsch bis Stillzeit…,"https://images-eu.ssl-images-amazon.com/images/I/81lxpc3gUML._AC_UL200_SR200,200_.jpg","23,50 €","4,3 von 5 Sternen",150,https://www.amazon.de/FEMMOAL-PLUS-Fols%C3%A4ure-Schwangerschaft-Kinderwunsch/dp/B017D96IK6/ref=zg_bs_9418400031_55?_encoding=UTF8&psc=1&refRID=NYFEV72FHRTC2KAMY9KZ,B017D96IK6
#56,Gesundheit & Körperpflege,"400g Süß Wax Brazilian Wax zur Enthaarung mit Vlies 100% Natürlich. Warmwachs aus Zucker,…","https://images-eu.ssl-images-amazon.com/images/I/81C6RITQUdL._AC_UL200_SR200,200_.jpg","14,99 €","3,7 von 5 Sternen",78,https://www.amazon.de/Brazilian-Enthaarung-Nat%C3%BCrlich-Zuckerpaste-Vliesstreifen/dp/B00OV1L3BE/ref=zg_bs_9418400031_56?_encoding=UTF8&psc=1&refRID=NYFEV72FHRTC2KAMY9KZ,B00OV1L3BE
#57,Gesundheit & Körperpflege,Time2sleep Zahnschiene bei Zähneknirschen - Knirscherschiene für Nachts -Schnarchschiene…,"https://images-eu.ssl-images-amazon.com/images/I/71mIGZv%2B1uL._AC_UL200_SR200,200_.jpg","22,00 €","3,7 von 5 Sternen",3.457,https://www.amazon.de/Time2sleep-Zahnschiene-Z%C3%A4hneknirschen-Knirscherschiene-Schnarchschiene/dp/B071X94G9V/ref=zg_bs_9418400031_57?_encoding=UTF8&psc=1&refRID=NYFEV72FHRTC2KAMY9KZ,B071X94G9V
#58,Gesundheit & Körperpflege,"einhorn Kondome - 7 Stück - Wochenration - Design Edition: SUNSEEKER - Vegan,…","https://images-eu.ssl-images-amazon.com/images/I/91aMscIbzDL._AC_UL200_SR200,200_.jpg","14,69 €","4,7 von 5 Sternen",20,https://www.amazon.de/einhorn-Kondome-Wochenration-SUNSEEKER-Hormonfrei/dp/B01413O5IO/ref=zg_bs_9418400031_58?_encoding=UTF8&psc=1&refRID=NYFEV72FHRTC2KAMY9KZ,B01413O5IO
#59,Gesundheit & Körperpflege,"449g Süß Wax 27° Sugaring Zuckerpaste zur Haarentfernung mit Hand, kein Vlies nötig.…","https://images-eu.ssl-images-amazon.com/images/I/9125ZG2av-L._AC_UL200_SR200,200_.jpg","7,99 €","3,8 von 5 Sternen",330,https://www.amazon.de/Sugaring-Zuckerpaste-Haarentfernung-Optimal-Umgebungstemperaturen/dp/B00OUZZM6I/ref=zg_bs_9418400031_59?_encoding=UTF8&psc=1&refRID=NYFEV72FHRTC2KAMY9KZ,B00OUZZM6I
#60,Gesundheit & Körperpflege,Your Super Superfoods und Pflanzenprotein-Starter Pack - 7 verschiedene Sachets…,"https://images-eu.ssl-images-amazon.com/images/I/518qGMDJoML._AC_UL200_SR200,200_.jpg","24,90 €","3,9 von 5 Sternen",43,https://www.amazon.de/Your-Superfoods-Starterpack-Trial-Pack/dp/B07FNM1YTD/ref=zg_bs_9418400031_60?_encoding=UTF8&psc=1&refRID=NYFEV72FHRTC2KAMY9KZ,B07FNM1YTD
#61,Gesundheit & Körperpflege,Rasierset Herren Klassisch Holz (5 Teile) von Sir Marlon Grant – Rasierhobel Set mit edlem…,"https://images-eu.ssl-images-amazon.com/images/I/91JcUIuhqZL._AC_UL200_SR200,200_.jpg","9,95 €","4,5 von 5 Sternen",159,https://www.amazon.de/Sir-Marlon-Grant-Sicherheitsrasierer-Rasierklingen/dp/B074SLG499/ref=zg_bs_9418400031_61?_encoding=UTF8&psc=1&refRID=NYFEV72FHRTC2KAMY9KZ,B074SLG499
#62,Gesundheit & Körperpflege,"Süß Wax Sugaring Zuckerpaste zur Haarentfernung mit Hand, kein Vlies nötig - 449g","https://images-eu.ssl-images-amazon.com/images/I/71fnoOdPLLL._AC_UL200_SR200,200_.jpg","12,99 €","3,5 von 5 Sternen",303,https://www.amazon.de/Sugaring-Zuckerpaste-Haarentfernung-Vlies-n%C3%B6tig/dp/B007LL6FCI/ref=zg_bs_9418400031_62?_encoding=UTF8&psc=1&refRID=NYFEV72FHRTC2KAMY9KZ,B007LL6FCI
#63,Gesundheit & Körperpflege,Ionocore® Ellenbogenbandage mit Kupfer - Manschette für Tennisarm und Golferarm…,"https://images-eu.ssl-images-amazon.com/images/I/81nd7rT2elL._AC_UL200_SR200,200_.jpg","24,99 €","4,3 von 5 Sternen",575,https://www.amazon.de/Ellenbogen-St%C3%BCtz-Kupfer-Kompressionsh%C3%BClse-Ellenbogenbandage-Leichtgewicht-Ellenbogenschmerzen/dp/B07JNJ21W7/ref=zg_bs_9418400031_63?_encoding=UTF8&psc=1&refRID=NYFEV72FHRTC2KAMY9KZ,B07JNJ21W7
#64,Gesundheit & Körperpflege,Revival Isotonisches Getränkepulver Elektrolyt Drink - Gesundheits- und Sportgetränk – Beere 6…,"https://images-eu.ssl-images-amazon.com/images/I/81wlsGF%2BBKL._AC_UL200_SR200,200_.jpg","9,99 €","4,3 von 5 Sternen",1.978,https://www.amazon.de/Revival-Tropical-6-Pack/dp/B07M6HQ9G8/ref=zg_bs_9418400031_64?_encoding=UTF8&psc=1&refRID=NYFEV72FHRTC2KAMY9KZ,B07M6HQ9G8
#65,Gesundheit & Körperpflege,NutriZing Omega 3 6 9 verdreifachte Fischöl Komplexe Stärke - 1000mg für Frauen & Männer…,"https://images-eu.ssl-images-amazon.com/images/I/81cKFB4PjbL._AC_UL200_SR200,200_.jpg","15,26 €","4,5 von 5 Sternen",578,https://www.amazon.de/verdreifachte-Geld-zur%C3%BCck-Garantie-Konkurrenten-Immunsystem-Gelenkschmerzen/dp/B016L94O5U/ref=zg_bs_9418400031_65?_encoding=UTF8&psc=1&refRID=NYFEV72FHRTC2KAMY9KZ,B016L94O5U
#66,Gesundheit & Körperpflege,"1200g Süß Wax Brazilian Wax zur Enthaarung mit Vlies 100% Natürlich. Warmwachs aus Zucker,…","https://images-eu.ssl-images-amazon.com/images/I/810N-43CufL._AC_UL200_SR200,200_.jpg","19,99 €","4,5 von 5 Sternen",124,https://www.amazon.de/Brazilian-Enthaarung-Nat%C3%BCrlich-Zuckerpaste-Vliesstreifen/dp/B00KDLPPGA/ref=zg_bs_9418400031_66?_encoding=UTF8&psc=1&refRID=NYFEV72FHRTC2KAMY9KZ,B00KDLPPGA
#67,Gesundheit & Körperpflege,"Superfood Pulver / Grünes Pulver aus Super Greens: Aloe Vera, Gerstengras Pulver, bio…","https://images-eu.ssl-images-amazon.com/images/I/81hzJ0u0zuL._AC_UL200_SR200,200_.jpg","69,90 €","4,1 von 5 Sternen",107,https://www.amazon.de/Superfood-Proteinpulver-Gerstengras-geschrotet-Weizengraspulver/dp/B07RDL2PCK/ref=zg_bs_9418400031_67?_encoding=UTF8&psc=1&refRID=NYFEV72FHRTC2KAMY9KZ,B07RDL2PCK
#68,Gesundheit & Körperpflege,Ionocore® Kniebandage für Damen & Männer – Kompressions-Kniestütze Bandage für das Knie –…,"https://images-eu.ssl-images-amazon.com/images/I/814tzz744zL._AC_UL200_SR200,200_.jpg","17,99 €","4,2 von 5 Sternen",471,https://www.amazon.de/Kniest%C3%BCtze-Kompression-Arthritis-Gelenkschmerzen-Erholung/dp/B01HITZLU4/ref=zg_bs_9418400031_68?_encoding=UTF8&psc=1&refRID=NYFEV72FHRTC2KAMY9KZ,B01HITZLU4
#69,Gesundheit & Körperpflege,"PocDoc Outdoor - Intelligentes Erste Hilfe Set nach DIN 13167 mit APP (Menschen & Tiere)- Reisen,…","https://images-eu.ssl-images-amazon.com/images/I/91eeFUePtfL._AC_UL200_SR200,200_.jpg","23,50 €","4,7 von 5 Sternen",65,https://www.amazon.de/PocDoc-Outdoor-Intelligentes-Motorrad-Wundreinigungst%C3%BCcher/dp/B084C4C8LC/ref=zg_bs_9418400031_69?_encoding=UTF8&psc=1&refRID=NYFEV72FHRTC2KAMY9KZ,B084C4C8LC
#70,Gesundheit & Körperpflege,"LifeArt Blaue Licht Blockieren Brille, Anti-Augen-Müdigkeit, Computer Lesebrillen, Gaming Brille,…","https://images-eu.ssl-images-amazon.com/images/I/61xREd-wu4L._AC_UL200_SR200,200_.jpg","21,95 €","4,3 von 5 Sternen",46,https://www.amazon.de/LifeArt-Lesebrille-Computer-Lesebrille-transparente-Kopfschmerzen-FIREFLY-C2/dp/B07GRP2YL7/ref=zg_bs_9418400031_70?_encoding=UTF8&psc=1&refRID=NYFEV72FHRTC2KAMY9KZ,B07GRP2YL7
#71,Gesundheit & Körperpflege,2 x Menthol Aufbissschiene inkl. 1 Aufbewahrungsbox BPA frei Zahnschutz beim…,"https://images-eu.ssl-images-amazon.com/images/I/71ruSdfkSBL._AC_UL200_SR200,200_.jpg","14,91 €","3,6 von 5 Sternen",231,https://www.amazon.de/Aufbissschiene-Aufbewahrungsbox-n%C3%A4chtlichen-Z%C3%A4hneknirschen-Knirscherschiene/dp/B07S18F7P7/ref=zg_bs_9418400031_71?_encoding=UTF8&psc=1&refRID=NYFEV72FHRTC2KAMY9KZ,B07S18F7P7
#72,Gesundheit & Körperpflege,"Georganics natürliche, biologisch abbaubare Zahnseide mit Bienenwachs und…","https://images-eu.ssl-images-amazon.com/images/I/31HLs327ZjL._AC_UL200_SR200,200_.jpg","5,90 €","4,4 von 5 Sternen",642,https://www.amazon.de/Georganics-Bienenwachs-Bambus-Holzkohle-Zahnseide-Glasbeh%C3%A4lter-umweltfreundlich/dp/B078SZ861P/ref=zg_bs_9418400031_72?_encoding=UTF8&psc=1&refRID=NYFEV72FHRTC2KAMY9KZ,B078SZ861P
#73,Gesundheit & Körperpflege,"OzDenta Professionelle Aufbissschiene, Zahnschiene Gegen Zähneknirschen, Neuartige…","https://images-eu.ssl-images-amazon.com/images/I/61EFQCm9HBL._AC_UL200_SR200,200_.jpg","14,91 €","3,3 von 5 Sternen",3.889,https://www.amazon.de/OzDenta-Aufbi%C3%9Fschiene-Schnarchen-Z%C3%A4hneknirschen-Bruxismus/dp/B00YRGQJXA/ref=zg_bs_9418400031_73?_encoding=UTF8&psc=1&refRID=NYFEV72FHRTC2KAMY9KZ,B00YRGQJXA
#74,Gesundheit & Körperpflege,Dr. Severin® Aequoreus Enzym Meersalz Peeling I mit Arganöl I Enzyme aus der Papaya I gegen…,"https://images-eu.ssl-images-amazon.com/images/I/61dJzdrGw-L._AC_UL200_SR200,200_.jpg","29,99 €","4,0 von 5 Sternen",98,https://www.amazon.de/Dr-Severin-Aequoreus-Meersalz-Peeling/dp/B01DUERG6I/ref=zg_bs_9418400031_74?_encoding=UTF8&psc=1&refRID=NYFEV72FHRTC2KAMY9KZ,B01DUERG6I
#75,Gesundheit & Körperpflege,DUAL Pro CAFFEINE | 120 vegane KapselnIn Deutschland nicht verfügbar. Dieses Produkt…,"https://images-eu.ssl-images-amazon.com/images/I/61kLTq-UuwL._AC_UL200_SR200,200_.jpg","15,90 €","4,2 von 5 Sternen",650,https://www.amazon.de/Hochdosiert-Koffeintabletten-hochdosiert-Glutenfrei-Hergestellt/dp/B003YTB1YS/ref=zg_bs_9418400031_75?_encoding=UTF8&psc=1&refRID=NYFEV72FHRTC2KAMY9KZ,B003YTB1YS
#76,Gesundheit & Körperpflege,boep Babybadeöl - Naturkosmetik Badezusatz aus Bio-Jojobaöl und Mandelöl für Babys und Kinder…,"https://images-eu.ssl-images-amazon.com/images/I/31L1FsN-aRL._AC_UL200_SR200,200_.jpg","14,95 €","4,3 von 5 Sternen",29,https://www.amazon.de/boep-babybade%C3%B6l-Naturkosmetik-Badezusatz-Bio-Jojoba%C3%B6l/dp/B078S87MCN/ref=zg_bs_9418400031_76?_encoding=UTF8&psc=1&refRID=NYFEV72FHRTC2KAMY9KZ,B078S87MCN
#77,Gesundheit & Körperpflege,"Vitamin K2 MK-7 600mcg von NutriZing - Fermentiertes, natto-basiertes, veganes Vitamin…","https://images-eu.ssl-images-amazon.com/images/I/71g4viEdRDL._AC_UL200_SR200,200_.jpg","16,75 €","4,7 von 5 Sternen",1.524,https://www.amazon.de/NutriZing-menaquinon-hochdosiert-Fermentiertes-Nattobasis/dp/B01DAQ0C94/ref=zg_bs_9418400031_77?_encoding=UTF8&psc=1&refRID=NYFEV72FHRTC2KAMY9KZ,B01DAQ0C94
#78,Gesundheit & Körperpflege,Vollwertkost Erdbeere Eiweißshake (500 g) Ideal für Gewichtsabnahme und Regeneration nach…,"https://images-eu.ssl-images-amazon.com/images/I/513MR0ksboL._AC_UL200_SR200,200_.jpg","22,90 €","4,3 von 5 Sternen",144,https://www.amazon.de/Vollwertkost-Erdbeere-Eiwei%C3%9Fshake-Gewichtsabnahme-Regeneration/dp/B01BDSWQQ8/ref=zg_bs_9418400031_78?_encoding=UTF8&psc=1&refRID=NYFEV72FHRTC2KAMY9KZ,B01BDSWQQ8
#79,Gesundheit & Körperpflege,Your Superfoods Skinny Protein Superfood - Veganer Bio-Pulver-Mix Mischung zum…,"https://images-eu.ssl-images-amazon.com/images/I/81uKDipVC4L._AC_UL200_SR200,200_.jpg","34,90 €","3,9 von 5 Sternen",51,https://www.amazon.de/Your-Superfoods-Skinny-Protein-Superfood/dp/B01LYEOK9Q/ref=zg_bs_9418400031_79?_encoding=UTF8&psc=1&refRID=NYFEV72FHRTC2KAMY9KZ,B01LYEOK9Q
#80,Gesundheit & Körperpflege,Natürlicher 2 Wochen Diät Shake und Frühstücksmischung | Natürlicher…,"https://images-eu.ssl-images-amazon.com/images/I/71QZPb4OGyL._AC_UL200_SR200,200_.jpg","22,90 €","3,9 von 5 Sternen",106,https://www.amazon.de/Nat%C3%BCrlicher-Fr%C3%BChst%C3%BCcksmischung-nat%C3%BCrlicher-Mahlzeitenersatz-Gewichtsabnahme/dp/B00T1LU43C/ref=zg_bs_9418400031_80?_encoding=UTF8&psc=1&refRID=NYFEV72FHRTC2KAMY9KZ,B00T1LU43C
#81,Gesundheit & Körperpflege,"s.Oliver® Your Moment Men | After Shave Lotion - aromatisch, frischer Duft mit voller…","https://images-eu.ssl-images-amazon.com/images/I/91Nm9k95MLL._AC_UL200_SR200,200_.jpg","13,29 €","5,0 von 5 Sternen",5,https://www.amazon.de/Oliver-Moment-After-Shave-Lotion/dp/B07WHDD43N/ref=zg_bs_9418400031_81?_encoding=UTF8&psc=1&refRID=NYFEV72FHRTC2KAMY9KZ,B07WHDD43N
#82,Gesundheit & Körperpflege,"Georganics Zahnseide, natürliche Holzkohle, Nachfüllpack, 60 m, englische Pfefferminze","https://images-eu.ssl-images-amazon.com/images/I/71AQlBhyOBL._AC_UL200_SR200,200_.jpg","8,67 €","4,5 von 5 Sternen",214,https://www.amazon.de/georganics-Naturkohle-Zahnseide-Englisch-Peppermint/dp/B07F6F4DT3/ref=zg_bs_9418400031_82?_encoding=UTF8&psc=1&refRID=NYFEV72FHRTC2KAMY9KZ,B07F6F4DT3
#83,Gesundheit & Körperpflege,"Playbrush Smart, smarte Kinder-Zahnbürste mit Apps zum spielerischen Erlernen des…","https://images-eu.ssl-images-amazon.com/images/I/61wF6MfooCL._AC_UL200_SR200,200_.jpg","18,90 €","3,3 von 5 Sternen",205,https://www.amazon.de/Playbrush-PLAYBG-PACK-Ger%C3%A4t-Smartelektrische-zahnb%C3%BCrste/dp/B07DTQKBXD/ref=zg_bs_9418400031_83?_encoding=UTF8&psc=1&refRID=NYFEV72FHRTC2KAMY9KZ,B07DTQKBXD
#84,Gesundheit & Körperpflege,"INNER HARMONY – Die Reinheit, die von innen kommt | 100% natürlich, vegan, low carb, Super…","https://images-eu.ssl-images-amazon.com/images/I/71zDORFMEML._AC_UL200_SR200,200_.jpg","44,90 €","3,9 von 5 Sternen",48,https://www.amazon.de/pulver-Entgiften-Darmreinigung-Gutenfrei-Superfood/dp/B07RFMBLYZ/ref=zg_bs_9418400031_84?_encoding=UTF8&psc=1&refRID=NYFEV72FHRTC2KAMY9KZ,B07RFMBLYZ
#85,Gesundheit & Körperpflege,PocDoc Premium - Intelligenter Verbandskasten mit Erste Hilfe APP (iOS & Android) - KFZ DIN…,"https://images-eu.ssl-images-amazon.com/images/I/91PdEX5yRQL._AC_UL200_SR200,200_.jpg","34,50 €","4,4 von 5 Sternen",53,https://www.amazon.de/PocDoc-Premium-Intelligenter-Verbandskasten-Ma%C3%9Fnahmen/dp/B07Z44ZHH6/ref=zg_bs_9418400031_85?_encoding=UTF8&psc=1&refRID=NYFEV72FHRTC2KAMY9KZ,B07Z44ZHH6
#86,Gesundheit & Körperpflege,Your Superfoods Muscle Power Superfood-Mix - Workout-Boost mit allen 9 essentiellen…,"https://images-eu.ssl-images-amazon.com/images/I/81iL-EHGEAL._AC_UL200_SR200,200_.jpg","34,90 €","3,9 von 5 Sternen",53,https://www.amazon.de/Your-Superfoods-Muscle-Power-Superfood/dp/B01N07TA05/ref=zg_bs_9418400031_86?_encoding=UTF8&psc=1&refRID=NYFEV72FHRTC2KAMY9KZ,B01N07TA05
#87,Gesundheit & Körperpflege,2 x Aufbissschiene Zahnschiene Gegen Zähneknirschen Knirscherschiene Beißschiene…,"https://images-eu.ssl-images-amazon.com/images/I/41BSR3CrbdL._AC_UL200_SR200,200_.jpg","14,91 €","3,4 von 5 Sternen",44,https://www.amazon.de/Mundschutz-Zahnschutz-Kampfsport-Sportmundschutz-Aufbewahrungsbox/dp/B07TBYQJVP/ref=zg_bs_9418400031_87?_encoding=UTF8&psc=1&refRID=NYFEV72FHRTC2KAMY9KZ,B07TBYQJVP
#88,Gesundheit & Körperpflege,"400g Süß Wax Brazilian Wax zur Enthaarung mit Vlies 100% Natürlich. Warmwachs aus Zucker,…","https://images-eu.ssl-images-amazon.com/images/I/81C6RITQUdL._AC_UL200_SR200,200_.jpg","15,99 €","3,8 von 5 Sternen",173,https://www.amazon.de/Brazilian-Enthaarung-Nat%C3%BCrlich-Zuckerpaste-Vliesstreifen/dp/B00KDLLX7U/ref=zg_bs_9418400031_88?_encoding=UTF8&psc=1&refRID=NYFEV72FHRTC2KAMY9KZ,B00KDLLX7U
#89,Gesundheit & Körperpflege,Georganics natürlich biologische Kokosölzahnpasta- grüne Minze 120 ml…,"https://images-eu.ssl-images-amazon.com/images/I/71c7QUikZ7L._AC_UL200_SR200,200_.jpg","9,90 €","3,8 von 5 Sternen",700,https://www.amazon.de/Georganics-biologische-Kokos%C3%B6lzahnpasta-Remineralizing-Toothpaste/dp/B019CW6WZS/ref=zg_bs_9418400031_89?_encoding=UTF8&psc=1&refRID=NYFEV72FHRTC2KAMY9KZ,B019CW6WZS
#90,Gesundheit & Körperpflege,"Dr. Severin® Kinder Sonnencreme SPF/LSF 50+ I Zieht schnell ein, wasserfest & ohne Parfum I…","https://images-eu.ssl-images-amazon.com/images/I/71BPvfBwEML._AC_UL200_SR200,200_.jpg","9,99 €","4,5 von 5 Sternen",92,https://www.amazon.de/Dr-Severin-Sonnencreme-Sensitiv-geeignet/dp/B0797Y3V9S/ref=zg_bs_9418400031_90?_encoding=UTF8&psc=1&refRID=NYFEV72FHRTC2KAMY9KZ,B0797Y3V9S
#91,Gesundheit & Körperpflege,"[Cocod’or/Erfrischende Luft] Flower diffusers oil with a set of 5 fiber sticks, 200ml 1 pack, Best…","https://images-eu.ssl-images-amazon.com/images/I/61W16GucsWL._AC_UL200_SR200,200_.jpg","29,00 €","4,3 von 5 Sternen",2.044,https://www.amazon.de/Cocodor-Blumen-Diffusor-Unzen-Refreshing-Air/dp/B07LFWGNPN/ref=zg_bs_9418400031_91?_encoding=UTF8&psc=1&refRID=NYFEV72FHRTC2KAMY9KZ,B07LFWGNPN
#92,Gesundheit & Körperpflege,"Pixie Sterilisator für Menstruationstassen, für UK-Stecker, tötet 99,9 % der Keime mit Dampf, 3…","https://images-eu.ssl-images-amazon.com/images/I/81rnmLgXAoL._AC_UL200_SR200,200_.jpg","24,95 €","4,7 von 5 Sternen",1.266,https://www.amazon.de/Menstruationstasse-Sterilisator-t%C3%B6tet-Minuten-Perioden-Tasse-sauber/dp/B07M5HGTJ6/ref=zg_bs_9418400031_92?_encoding=UTF8&psc=1&refRID=NYFEV72FHRTC2KAMY9KZ,B07M5HGTJ6
#93,Gesundheit & Körperpflege,Massagepistole Massagegerät Elektrisches HOPOSO Massage Gun mit 30…,"https://images-eu.ssl-images-amazon.com/images/I/71RqfGCAeoL._AC_UL200_SR200,200_.jpg","99,99 €","4,9 von 5 Sternen",32,https://www.amazon.de/Massagepistole-ElektrischesHOPOSO-Geschwindigkeiten-Massagek%C3%B6pfen-LED-Anzeige-Touchscreen/dp/B082W6RWC9/ref=zg_bs_9418400031_93?_encoding=UTF8&psc=1&refRID=NYFEV72FHRTC2KAMY9KZ,B082W6RWC9
#94,Gesundheit & Körperpflege,"The Humble Co. Zahnbürsten aus natürlichem Bambus, Holz, organisch, vegan, umweltfreundlich und biologisch abbaubar, für die Mundpflege ohne Taille, Erwachsene, weich, 5 Stück","https://images-eu.ssl-images-amazon.com/images/I/81-rQWkkX9L._AC_UL200_SR200,200_.jpg",_,_,_,https://www.amazon.de/Humble-Co-Zahnb%C3%BCrsten-nat%C3%BCrlichem-umweltfreundlich/dp/B081X6ZKG1/ref=zg_bs_9418400031_94?_encoding=UTF8&psc=1&refRID=NYFEV72FHRTC2KAMY9KZ,B081X6ZKG1
#95,Gesundheit & Körperpflege,O3 Reinstes Fischölkapseln | EPA DHA Omega 3 Fischöl Kapseln Hochdosiert | Reines Omega3…,"https://images-eu.ssl-images-amazon.com/images/I/618OGYuVhuL._AC_UL200_SR200,200_.jpg","34,67 €","4,7 von 5 Sternen",346,https://www.amazon.de/Reinstes-Fisch%C3%B6lkapseln-Hochdosiert-Konzentrat-Weichkapseln/dp/B00BH947PM/ref=zg_bs_9418400031_95?_encoding=UTF8&psc=1&refRID=NYFEV72FHRTC2KAMY9KZ,B00BH947PM
#96,Gesundheit & Körperpflege,2 x Aufbissschiene Zahnschutz beim nächtlichen Zähneknirschen Knirscherschiene Zahnschiene,"https://images-eu.ssl-images-amazon.com/images/I/61w0ttGmgzL._AC_UL200_SR200,200_.jpg","14,91 €","3,2 von 5 Sternen",194,https://www.amazon.de/Aufbissschienen-Aufbewahrungsbox-Z%C3%A4hneknirschen-Knirscherschiene-Zufriedenheitsgarantie/dp/B07KM94W4Y/ref=zg_bs_9418400031_96?_encoding=UTF8&psc=1&refRID=NYFEV72FHRTC2KAMY9KZ,B07KM94W4Y
#97,Gesundheit & Körperpflege,"BLOCKHEAD Pfefferminz-Energiekaugummi 120 Stück | Koffeinkaugummi mit Vitamin B1, B6 &…","https://images-eu.ssl-images-amazon.com/images/I/814T%2B1x1G5L._AC_UL200_SR200,200_.jpg","25,03 €","4,2 von 5 Sternen",116,https://www.amazon.de/BLOCKHEAD-Pfefferminz-Energiekaugummi-Koffeinkaugummi-zuckerfrei-kalorienfrei/dp/B01MF6V4R8/ref=zg_bs_9418400031_97?_encoding=UTF8&psc=1&refRID=NYFEV72FHRTC2KAMY9KZ,B01MF6V4R8
#98,Gesundheit & Körperpflege,Georganics natürlich biologische Kokosölzahnpasta- Englischer Pfefferminz 60 ml…,"https://images-eu.ssl-images-amazon.com/images/I/717v4dPN0FL._AC_UL200_SR200,200_.jpg","12,99 €","3,9 von 5 Sternen",647,https://www.amazon.de/Georganics-biologische-Kokos%C3%B6lzahnpasta-Pfefferminz-Remineralizing/dp/B019CWPUZ6/ref=zg_bs_9418400031_98?_encoding=UTF8&psc=1&refRID=NYFEV72FHRTC2KAMY9KZ,B019CWPUZ6
#99,Gesundheit & Körperpflege,"449g Süß Wax 30° Sugaring Zuckerpaste zur Haarentfernung mit Hand, kein Vlies nötig.…","https://images-eu.ssl-images-amazon.com/images/I/916CI-s-8dL._AC_UL200_SR200,200_.jpg","7,99 €","3,6 von 5 Sternen",308,https://www.amazon.de/Sugaring-Zuckerpaste-Haarentfernung-Optimal-Umgebungstemperaturen/dp/B00OV09G3M/ref=zg_bs_9418400031_99?_encoding=UTF8&psc=1&refRID=NYFEV72FHRTC2KAMY9KZ,B00OV09G3M
#100,Gesundheit & Körperpflege,Ovy® YAMS+ Kapseln für Frauen | Bei hormonellem Ungleichgewicht und Regelschmerzen | 60…,"https://images-eu.ssl-images-amazon.com/images/I/71OzIZHhSPL._AC_UL200_SR200,200_.jpg","19,90 €","4,1 von 5 Sternen",23,https://www.amazon.de/Yamswurzel-Ovy-Diosgenin-Magnesium-Wechseljahre/dp/B07FBJCSLT/ref=zg_bs_9418400031_100?_encoding=UTF8&psc=1&refRID=NYFEV72FHRTC2KAMY9KZ,B07FBJCSLT
